grid;velocity;spread_rate;lambda;fraction mélange;T;density;X_H2;X_H;X_O;X_O2;X_OH;X_H2O;X_HO2;X_H2O2;X_C;X_CH;X_CH2;X_CH2(S);X_CH3;X_CH4;X_CO;X_CO2;X_HCO;X_CH2O;X_CH2OH;X_CH3O;X_CH3OH;X_C2H;X_C2H2;X_C2H3;X_C2H4;X_C2H5;X_C2H6;X_HCCO;X_CH2CO;X_HCCOH;X_N;X_NH;X_NH2;X_NH3;X_NNH;X_NO;X_NO2;X_N2O;X_HNO;X_CN;X_HCN;X_H2CN;X_HCNN;X_HCNO;X_HOCN;X_HNCO;X_NCO;X_N2;X_AR;X_C3H7;X_C3H8;X_CH2CHO;X_CH3CHO
0;0.196502233;-1.36E-19;-2646.530354;1.00E+00;300;1.221360164;0.000125022;5.05E-14;0;4.52E-10;0;6.69E-07;1.16E-13;5.98E-13;2.63E-15;7.11E-15;2.88E-17;0;3.95E-13;7.98E-08;1.79E-07;2.90E-08;4.91E-16;1.74E-11;1.51E-15;5.37E-15;2.76E-12;0;2.82E-08;9.02E-17;2.48E-08;2.13E-11;0.99987198;1.42E-17;2.31E-11;3.46E-13;1.67E-14;4.34E-15;8.78E-16;8.53E-11;3.52E-30;2.49E-10;1.53E-11;1.37E-13;0;5.39E-19;3.80E-11;1.99E-16;1.20E-16;1.36E-12;2.00E-15;5.85E-12;2.42E-18;1.97E-06;1.82E-08;4.52E-13;3.31E-11;3.78E-14;1.34E-13
0.001;0.185560477;11.02782028;-2646.530354;1.00E+00;300.0091019;1.220825468;0.000555577;1.07E-14;0;6.51E-09;0;9.52E-06;1.68E-12;8.09E-12;2.35E-15;2.72E-18;2.06E-16;0;5.31E-12;1.08E-06;2.58E-06;5.63E-07;9.84E-15;3.53E-10;1.50E-15;7.71E-14;5.68E-11;0;5.08E-07;2.64E-15;4.72E-07;4.29E-10;0.999401308;1.62E-16;5.32E-10;7.98E-12;1.62E-14;3.77E-15;7.20E-15;1.24E-09;5.26E-29;3.62E-09;2.70E-10;2.66E-12;9.95E-15;1.87E-17;7.82E-10;4.12E-15;1.52E-16;2.64E-11;3.87E-14;1.13E-10;4.63E-17;2.81E-05;2.78E-07;1.16E-11;8.58E-10;8.75E-13;3.13E-12
0.002;0.152879512;22.06493906;-2646.530354;1.00E+00;300.1810183;1.217951817;0.002383403;2.06E-14;4.63E-17;8.91E-08;3.95E-17;0.000128672;2.32E-11;1.12E-10;1.05E-15;2.03E-22;2.52E-16;6.78E-27;6.77E-11;1.38E-05;3.53E-05;1.04E-05;1.88E-13;6.76E-09;1.43E-15;1.45E-12;1.11E-09;0;8.71E-06;4.51E-14;8.52E-06;8.22E-09;0.997025479;1.74E-15;1.16E-08;1.74E-10;1.25E-14;1.48E-15;6.36E-14;1.72E-08;1.39E-27;4.99E-08;4.52E-09;4.93E-11;1.64E-13;4.36E-17;1.52E-08;8.09E-14;1.11E-16;4.86E-10;7.13E-13;2.09E-09;3.44E-16;0.000381508;4.03E-06;2.84E-10;2.10E-08;1.92E-11;6.90E-11
0.0025;0.128925973;27.62928675;-2646.530354;9.98E-01;301.2026912;1.210327286;0.005115361;7.80E-14;5.91E-16;4.51E-07;1.08E-15;0.000643821;1.23E-10;5.71E-10;2.72E-16;8.33E-26;7.09E-16;2.32E-25;3.28E-10;6.61E-05;0.000178425;6.74E-05;1.29E-12;4.56E-08;1.77E-15;9.98E-12;7.56E-09;0;5.33E-05;2.81E-13;5.45E-05;5.54E-08;0.991881598;9.00E-15;8.80E-08;1.32E-09;7.40E-15;3.76E-16;2.29E-13;8.80E-08;2.76E-26;2.54E-07;2.71E-08;3.22E-10;8.46E-13;2.87E-17;1.04E-07;5.57E-13;6.01E-17;3.16E-09;4.64E-12;1.36E-08;5.14E-16;0.001916772;2.14E-05;2.37E-09;1.77E-07;1.46E-10;5.26E-10
0.003;0.10186847;33.46410797;-2646.530354;9.88E-01;308.1845288;1.174719802;0.010757447;2.68E-13;9.93E-15;2.33E-06;3.16E-14;0.003289567;7.26E-10;2.99E-09;1.70E-17;6.81E-25;5.02E-15;2.06E-23;1.68E-09;0.000323033;0.000923613;0.000454002;9.38E-12;3.19E-07;7.07E-15;7.20E-11;5.36E-08;0;0.000336252;1.96E-12;0.000360817;3.87E-07;0.973565102;5.83E-14;6.93E-07;1.04E-08;1.68E-15;4.15E-16;8.36E-13;4.60E-07;6.48E-25;1.33E-06;1.67E-07;2.18E-09;4.43E-12;4.27E-18;7.40E-07;3.96E-12;1.14E-17;2.13E-08;3.13E-11;9.16E-08;2.25E-16;0.009865279;0.000116704;2.07E-08;1.55E-06;1.16E-09;4.18E-09
0.00325;0.089296621;36.87620903;-2646.530354;9.72E-01;322.5178017;1.114941082;0.015155148;6.82E-13;4.90E-14;5.43E-06;2.21E-13;0.007556942;2.49E-09;7.01E-09;1.11E-18;5.40E-24;2.54E-14;4.10E-22;4.62E-09;0.000724037;0.002147852;0.00125314;2.99E-11;9.01E-07;3.39E-14;2.15E-10;1.53E-07;2.68E-23;0.000888683;8.74E-12;0.000983617;1.10E-06;0.948102577;2.67E-13;2.13E-06;3.19E-08;3.94E-16;1.92E-15;1.59E-12;1.07E-06;6.57E-24;3.10E-06;4.34E-07;6.02E-09;1.03E-11;4.56E-19;2.11E-06;1.12E-11;2.25E-18;5.88E-08;8.63E-11;2.53E-07;8.17E-17;0.022885875;0.000280104;6.78E-08;5.15E-06;3.60E-09;1.29E-08
0.0035;0.079394136;41.31119204;-2646.530354;9.37E-01;357.6569717;0.995094152;0.0204897;2.52E-12;2.03E-13;1.18E-05;1.32E-12;0.016163225;9.38E-09;1.54E-08;4.58E-20;6.59E-23;1.28E-13;9.84E-21;1.35E-08;0.00152061;0.004688087;0.00323712;9.59E-11;2.37E-06;1.70E-13;5.93E-10;4.07E-07;1.86E-21;0.002198099;4.82E-11;0.002506466;2.92E-06;0.898573684;1.33E-12;6.12E-06;9.18E-08;6.34E-17;1.46E-14;2.85E-12;2.33E-06;1.64E-22;6.80E-06;1.05E-06;1.56E-08;2.25E-11;2.42E-20;5.63E-06;2.93E-11;4.12E-19;1.52E-07;2.23E-10;6.53E-07;7.30E-17;0.049936442;0.000629811;2.07E-07;1.61E-05;1.05E-08;3.73E-08
0.003625;0.075515575;44.18889156;-2646.530354;9.09E-01;387.8113585;0.911485891;0.023441784;6.33E-12;5.03E-13;1.69E-05;3.38E-12;0.022736533;2.13E-08;2.20E-08;3.92E-21;3.84E-22;3.51E-13;6.75E-20;2.52E-08;0.00212948;0.006697513;0.005018718;1.94E-10;3.70E-06;4.20E-13;9.70E-10;6.39E-07;2.49E-20;0.003334408;1.60E-10;0.003855897;4.62E-06;0.860357079;3.76E-12;1.00E-05;1.50E-07;2.86E-17;5.64E-14;3.76E-12;3.30E-06;1.31E-21;9.74E-06;1.57E-06;2.42E-08;3.20E-11;1.20E-20;8.83E-06;4.46E-11;6.22E-19;2.35E-07;3.46E-10;1.01E-06;1.78E-16;0.071427899;0.000911908;3.41E-07;2.76E-05;1.75E-08;6.12E-08
0.00375;0.071856047;47.6344944;-2646.530354;8.73E-01;427.7996253;0.819899668;0.026427242;1.75E-11;1.08E-12;2.33E-05;7.70E-12;0.030751748;4.64E-08;3.04E-08;3.54E-22;2.23E-21;8.51E-13;4.94E-19;4.64E-08;0.00287946;0.009234695;0.007458746;3.96E-10;5.52E-06;9.50E-13;1.51E-09;9.59E-07;3.39E-19;0.004855258;5.00E-10;0.005684326;7.01E-06;0.8125847;9.54E-12;1.56E-05;2.34E-07;5.47E-17;2.09E-13;4.89E-12;4.50E-06;1.19E-20;1.35E-05;2.24E-06;3.60E-08;4.37E-11;8.38E-20;1.32E-05;6.35E-11;2.17E-18;3.50E-07;5.14E-10;1.50E-06;5.59E-16;0.098718015;0.00127199;5.27E-07;4.51E-05;2.77E-08;9.58E-08
0.0038125;0.069882397;49.56068705;-2646.530354;8.52E-01;451.3408092;0.773826066;0.027947858;3.06E-11;1.64E-12;2.70E-05;1.15E-11;0.035314466;6.89E-08;3.54E-08;7.26E-23;5.83E-21;1.35E-12;1.44E-18;6.33E-08;0.003311715;0.010722707;0.008966093;5.76E-10;6.64E-06;1.43E-12;1.85E-09;1.16E-06;1.25E-18;0.005780493;9.28E-10;0.006804587;8.55E-06;0.784693362;1.53E-11;1.92E-05;2.88E-07;1.22E-16;4.25E-13;5.60E-12;5.19E-06;3.75E-20;1.57E-05;2.63E-06;4.33E-08;5.05E-11;2.58E-19;1.60E-05;7.30E-11;4.61E-18;4.20E-07;6.17E-10;1.81E-06;1.11E-15;0.114812023;0.001484444;6.36E-07;5.67E-05;3.41E-08;1.18E-07
0.003875;0.067681785;51.61011503;-2646.530354;8.29E-01;477.0864112;0.728835752;0.02945086;5.42E-11;2.38E-12;3.11E-05;1.68E-11;0.040127469;1.00E-07;4.06E-08;1.30E-23;1.49E-20;2.06E-12;4.11E-18;8.54E-08;0.003772544;0.012327436;0.010644778;8.12E-10;7.87E-06;2.11E-12;2.23E-09;1.37E-06;4.42E-18;0.006800861;1.66E-09;0.008044939;1.03E-05;0.754676073;2.35E-11;2.32E-05;3.49E-07;2.72E-16;8.35E-13;6.42E-12;5.92E-06;1.16E-19;1.81E-05;3.04E-06;5.15E-08;5.78E-11;7.39E-19;1.90E-05;8.13E-11;9.22E-18;4.99E-07;7.32E-10;2.15E-06;2.13E-15;0.132246322;0.001714313;7.48E-07;7.03E-05;4.14E-08;1.43E-07
0.004;0.062169441;55.98382712;-2646.530354;7.80E-01;534.1532593;0.645202515;0.032294353;1.61E-10;4.21E-12;3.96E-05;3.15E-11;0.049971459;1.94E-07;5.18E-08;1.00E-23;7.97E-20;4.09E-12;2.83E-17;1.47E-07;0.004731792;0.015718813;0.014331673;1.37E-09;1.05E-05;4.23E-12;3.02E-09;1.85E-06;4.26E-17;0.009014979;4.46E-09;0.010747287;1.43E-05;0.691368167;4.78E-11;3.24E-05;4.85E-07;1.08E-15;2.66E-12;8.46E-12;7.43E-06;9.61E-19;2.32E-05;3.88E-06;6.93E-08;7.32E-11;4.32E-18;2.56E-05;9.00E-11;2.91E-17;6.71E-07;9.85E-10;2.89E-06;6.49E-15;0.16935334;0.002201714;9.48E-07;0.000101938;5.71E-08;1.99E-07
0.0040625;0.05869953;58.23206657;-2646.530354;7.53E-01;564.9288489;0.607233068;0.033707546;2.75E-10;5.62E-12;4.43E-05;4.24E-11;0.055131308;2.66E-07;5.77E-08;5.06E-23;1.83E-19;5.78E-12;7.21E-17;1.94E-07;0.005243754;0.017551198;0.016380263;1.62E-09;1.20E-05;6.13E-12;3.43E-09;2.11E-06;1.21E-16;0.010233905;7.21E-09;0.012238235;1.67E-05;0.657194039;6.70E-11;3.75E-05;5.62E-07;2.50E-15;4.90E-12;1.00E-11;8.22E-06;2.60E-18;2.60E-05;4.29E-06;7.92E-08;8.22E-11;9.85E-18;2.92E-05;8.64E-11;5.21E-17;7.66E-07;1.13E-09;3.30E-06;1.12E-14;0.189547163;0.002465501;1.00E-06;0.000120254;6.47E-08;2.30E-07
0.004125;0.054678173;60.48907488;-2646.530354;7.26E-01;597.0240295;0.571929331;0.03508354;4.58E-10;7.25E-12;4.91E-05;5.55E-11;0.060304382;3.56E-07;6.37E-08;2.32E-22;3.99E-19;7.91E-12;1.73E-16;2.56E-07;0.005763529;0.019425702;0.018510555;1.77E-09;1.35E-05;8.95E-12;3.80E-09;2.37E-06;3.18E-16;0.011494328;1.12E-08;0.013781418;1.93E-05;0.622239819;9.11E-11;4.29E-05;6.43E-07;5.41E-15;8.68E-12;1.21E-11;9.03E-06;6.63E-18;2.89E-05;4.68E-06;8.95E-08;9.23E-11;2.07E-17;3.29E-05;7.67E-11;8.80E-17;8.65E-07;1.27E-09;3.72E-06;1.82E-14;0.210311379;0.002735538;1.01E-06;0.000139768;7.15E-08;2.62E-07
0.0041875;0.050059125;62.72624909;-2646.530354;6.99E-01;630.258587;0.539275562;0.036420313;7.45E-10;9.16E-12;5.40E-05;7.07E-11;0.065446379;4.64E-07;6.97E-08;1.05E-21;8.29E-19;1.06E-11;3.92E-16;3.37E-07;0.006286594;0.021324662;0.020697937;1.79E-09;1.50E-05;1.33E-11;4.07E-09;2.63E-06;7.75E-16;0.012782315;1.67E-08;0.015359126;2.22E-05;0.586826205;1.21E-10;4.84E-05;7.27E-07;1.14E-14;1.50E-11;1.49E-11;9.83E-06;1.59E-17;3.19E-05;5.02E-06;1.00E-07;1.04E-10;4.06E-17;3.68E-05;6.21E-11;1.41E-16;9.67E-07;1.42E-09;4.16E-06;2.82E-14;0.23145322;0.003009184;9.55E-07;0.000160188;7.66E-08;2.94E-07
0.00425;0.04480831;64.91771262;-2646.530354;6.72E-01;664.466831;0.509181469;0.037716649;1.19E-09;1.14E-11;5.89E-05;8.81E-11;0.070520239;5.91E-07;7.56E-08;4.62E-21;1.67E-18;1.38E-11;8.42E-16;4.42E-07;0.006808894;0.023231824;0.0229189;1.71E-09;1.65E-05;2.01E-11;4.19E-09;2.89E-06;1.76E-15;0.014084764;2.44E-08;0.016954725;2.53E-05;0.551249844;1.59E-10;5.41E-05;8.12E-07;2.36E-14;2.55E-11;1.90E-11;1.06E-05;3.65E-17;3.49E-05;5.31E-06;1.11E-07;1.20E-10;7.46E-17;4.06E-05;4.59E-11;2.17E-16;1.07E-06;1.57E-09;4.61E-06;4.22E-14;0.252790788;0.003284014;8.26E-07;0.000181207;7.92E-08;3.26E-07
0.0043125;0.038902498;67.04098272;-2646.530354;6.44E-01;699.4944857;0.481513054;0.038971979;1.90E-09;1.41E-11;6.39E-05;1.08E-10;0.075495803;7.35E-07;8.13E-08;1.99E-20;3.29E-18;1.79E-11;1.73E-15;5.73E-07;0.007326872;0.025132593;0.025151674;1.58E-09;1.79E-05;3.12E-11;4.11E-09;3.15E-06;3.75E-15;0.015389705;3.48E-08;0.018553045;2.87E-05;0.515778932;2.10E-10;5.98E-05;8.97E-07;4.82E-14;4.23E-11;2.50E-11;1.14E-05;8.08E-17;3.80E-05;5.52E-06;1.21E-07;1.40E-10;1.30E-16;4.45E-05;3.18E-11;3.21E-16;1.17E-06;1.73E-09;5.05E-06;6.14E-14;0.274156309;0.00355786;6.37E-07;0.000202518;7.85E-08;3.56E-07
0.004375;0.032328115;69.07728693;-2646.530354;6.17E-01;735.1960955;0.456113745;0.040186251;3.07E-09;1.76E-11;6.90E-05;1.30E-10;0.080349226;8.89E-07;8.67E-08;8.31E-20;6.59E-18;2.32E-11;3.43E-15;7.26E-07;0.007837462;0.027014153;0.027376631;1.46E-09;1.93E-05;4.91E-11;3.83E-09;3.39E-06;7.59E-15;0.016686486;4.94E-08;0.020140599;3.24E-05;0.480650908;2.79E-10;6.55E-05;9.83E-07;9.65E-14;6.90E-11;3.41E-11;1.22E-05;1.76E-16;4.12E-05;5.66E-06;1.32E-07;1.69E-10;2.19E-16;4.83E-05;2.20E-11;4.56E-16;1.28E-06;1.88E-09;5.50E-06;8.85E-14;0.295398197;0.003828826;4.27E-07;0.000223823;7.39E-08;3.84E-07
0.0044375;0.02508018;71.01159875;-2646.530354;5.90E-01;771.4332424;0.432818226;0.041359808;5.08E-09;2.24E-11;7.40E-05;1.57E-10;0.085062254;1.05E-06;9.17E-08;3.37E-19;1.37E-17;3.04E-11;6.68E-15;8.97E-07;0.008338071;0.028865486;0.029576511;1.39E-09;2.07E-05;7.76E-11;3.43E-09;3.61E-06;1.48E-14;0.017965847;7.04E-08;0.021705673;3.64E-05;0.446071819;3.82E-10;7.12E-05;1.07E-06;1.90E-13;1.10E-10;4.81E-11;1.29E-05;3.83E-16;4.43E-05;5.70E-06;1.42E-07;2.10E-10;3.67E-16;5.20E-05;1.64E-11;6.27E-16;1.38E-06;2.03E-09;5.93E-06;1.29E-13;0.316382127;0.004095291;2.51E-07;0.000244844;6.57E-08;4.10E-07
0.0045;0.017161357;72.83246713;-2646.530354;5.64E-01;808.0735948;0.411461129;0.042493296;8.81E-09;2.92E-11;7.91E-05;1.92E-10;0.08962147;1.20E-06;9.62E-08;1.32E-18;3.04E-17;4.06E-11;1.29E-14;1.10E-06;0.008826546;0.030677327;0.031736483;1.37E-09;2.20E-05;1.21E-10;3.01E-09;3.82E-06;2.86E-14;0.019219928;1.02E-07;0.023238319;4.07E-05;0.412216955;5.42E-10;7.67E-05;1.15E-06;3.67E-13;1.72E-10;7.02E-11;1.36E-05;8.50E-16;4.75E-05;5.65E-06;1.53E-07;2.70E-10;6.36E-16;5.57E-05;1.37E-11;8.42E-16;1.48E-06;2.17E-09;6.36E-06;1.94E-13;0.336991313;0.0043559;1.38E-07;0.000265333;5.51E-08;4.32E-07
0.004625;-0.000649005;76.11829952;-2646.530354;5.15E-01;882.1916529;0.373939374;0.044596472;2.83E-08;5.09E-11;8.90E-05;3.04E-10;0.098064338;1.46E-06;1.03E-07;1.11E-17;1.61E-16;7.31E-11;4.49E-14;1.74E-06;0.009741187;0.03408236;0.035806169;1.49E-09;2.44E-05;2.66E-10;2.43E-09;4.19E-06;1.12E-13;0.021578942;2.09E-07;0.026115856;5.00E-05;0.348568022;1.15E-09;8.71E-05;1.31E-06;1.15E-12;3.75E-10;1.51E-10;1.50E-05;4.21E-15;5.37E-05;5.28E-06;1.72E-07;4.59E-10;2.38E-15;6.25E-05;1.25E-11;1.41E-15;1.66E-06;2.45E-09;7.17E-06;4.63E-13;0.37589272;0.004845141;5.33E-08;0.000303181;3.35E-08;4.65E-07
0.00475;-0.020961589;78.88657738;-2646.530354;4.70E-01;956.4452052;0.342376535;0.046557887;9.38E-08;9.60E-11;9.91E-05;5.70E-10;0.105849846;1.58E-06;1.05E-07;9.98E-17;9.49E-16;1.41E-10;1.55E-13;3.25E-06;0.010593014;0.037266986;0.039606914;1.94E-09;2.64E-05;5.23E-10;2.35E-09;4.48E-06;5.67E-13;0.023781413;4.41E-07;0.028787236;6.04E-05;0.289045402;2.78E-09;9.66E-05;1.45E-06;3.51E-12;7.60E-10;3.50E-10;1.62E-05;2.00E-14;5.99E-05;4.55E-06;1.88E-07;8.13E-10;1.30E-14;6.89E-05;1.44E-11;2.52E-15;1.84E-06;2.71E-09;7.93E-06;1.34E-12;0.412418759;0.00530196;2.98E-08;0.000336598;2.24E-08;4.86E-07
0.004875;-0.043565475;81.14610967;-2646.530354;4.28E-01;1030.037117;0.315744238;0.048381888;2.90E-07;1.87E-10;0.00010946;1.31E-09;0.112981914;1.53E-06;9.88E-08;8.22E-16;5.45E-15;2.86E-10;5.28E-13;6.90E-06;0.011375096;0.040210164;0.043101179;2.85E-09;2.78E-05;9.29E-10;2.60E-09;4.70E-06;3.46E-12;0.025809474;9.10E-07;0.031203869;7.21E-05;0.234110223;7.08E-09;0.000105195;1.59E-06;9.72E-12;1.41E-09;8.17E-10;1.74E-05;8.38E-14;6.58E-05;3.58E-06;2.03E-07;1.41E-09;7.71E-14;7.47E-05;1.80E-11;4.93E-15;2.00E-06;2.95E-09;8.62E-06;4.19E-12;0.446235442;0.005723435;2.30E-08;0.000363943;1.80E-08;4.96E-07
0.005;-0.068212919;82.92310083;-2646.530354;3.89E-01;1102.429505;0.293153815;0.050060998;8.15E-07;3.69E-10;0.000120324;3.63E-09;0.119483436;1.31E-06;8.35E-08;6.30E-15;3.06E-14;6.17E-10;1.89E-12;1.55E-05;0.012078806;0.042904037;0.046272959;4.54E-09;2.86E-05;1.57E-09;3.03E-09;4.85E-06;2.07E-11;0.027656985;1.82E-06;0.033278956;8.50E-05;0.184036649;1.79E-08;0.000112623;1.73E-06;2.40E-11;2.40E-09;1.86E-09;1.84E-05;3.04E-13;7.14E-05;2.51E-06;2.14E-07;2.32E-09;4.09E-13;7.99E-05;2.35E-11;1.09E-14;2.14E-06;3.18E-09;9.25E-06;1.29E-11;0.477178799;0.006108582;2.37E-08;0.00038272;1.66E-08;4.97E-07
0.005125;-0.094651759;84.2525692;-2646.530354;3.54E-01;1173.443292;0.273840693;0.051561567;2.10E-06;7.46E-10;0.0001321;1.16E-08;0.125388409;1.00E-06;6.06E-08;4.61E-14;1.84E-13;1.54E-09;7.87E-12;3.56E-05;0.012686472;0.045350126;0.04912201;7.60E-09;2.85E-05;2.62E-09;3.50E-09;4.91E-06;1.11E-10;0.029324921;3.52E-06;0.034828539;9.90E-05;0.139052477;4.35E-08;0.00011879;1.88E-06;5.22E-11;3.80E-09;4.12E-09;1.94E-05;9.69E-13;7.66E-05;1.54E-06;2.21E-07;3.61E-09;1.86E-12;8.46E-05;3.15E-11;2.90E-14;2.26E-06;3.43E-09;9.80E-06;3.76E-11;0.505216738;0.006457801;3.09E-08;0.000388605;1.67E-08;4.87E-07
0.00525;-0.12266907;85.17279892;-2646.530354;3.23E-01;1243.480139;0.257122308;0.052804588;5.03E-06;1.55E-09;0.000145433;4.11E-08;0.130737742;7.10E-07;3.70E-08;3.31E-13;1.29E-12;4.80E-09;4.00E-11;7.92E-05;0.013157342;0.047556643;0.051659998;1.29E-08;2.74E-05;4.41E-09;3.92E-09;4.90E-06;5.29E-10;0.030813144;6.63E-06;0.035504148;0.000112527;0.099485605;1.01E-07;0.000123543;2.08E-06;1.01E-10;5.64E-09;8.85E-09;2.02E-05;2.80E-12;8.11E-05;7.95E-07;2.24E-07;5.32E-09;7.47E-12;8.88E-05;4.36E-11;1.00E-13;2.37E-06;3.75E-09;1.03E-05;1.03E-10;0.530421928;0.006772523;4.64E-08;0.000374284;1.82E-08;4.66E-07
0.005375;-0.152141693;85.72201579;-2646.530354;2.94E-01;1313.725828;0.242376406;0.053648287;1.14E-05;3.26E-09;0.000161376;1.53E-07;0.135578186;4.87E-07;1.99E-08;2.38E-12;1.04E-11;1.80E-08;2.23E-10;0.000164772;0.013404273;0.049536866;0.05390871;2.16E-08;2.55E-05;7.63E-09;4.21E-09;4.89E-06;2.31E-09;0.032100954;1.19E-05;0.034759112;0.000121292;0.065876775;2.23E-07;0.000126711;2.45E-06;1.82E-10;7.93E-09;1.86E-08;2.09E-05;7.50E-12;8.51E-05;3.36E-07;2.21E-07;7.47E-09;2.72E-11;9.25E-05;6.20E-11;4.20E-13;2.46E-06;4.27E-09;1.07E-05;2.70E-10;0.552957814;0.007055063;7.26E-08;0.000329783;2.08E-08;4.34E-07
0.0054375;-0.167440341;85.86671347;-2646.530354;2.81E-01;1349.725352;0.235535597;0.053842993;1.71E-05;4.79E-09;0.000171128;2.99E-07;0.137854051;4.03E-07;1.44E-08;8.13E-12;3.14E-11;3.70E-08;5.39E-10;0.000231113;0.013380258;0.050458913;0.054947644;2.80E-08;2.45E-05;1.04E-08;4.35E-09;4.93E-06;4.78E-09;0.032641487;1.58E-05;0.033569585;0.00012253;0.05145422;3.29E-07;0.000127637;2.77E-06;2.46E-10;9.32E-09;2.73E-08;2.12E-05;1.21E-11;8.70E-05;1.97E-07;2.18E-07;8.75E-09;5.12E-11;9.42E-05;7.53E-11;9.34E-13;2.50E-06;4.72E-09;1.09E-05;4.39E-10;0.563435371;0.00718695;8.99E-08;0.000293029;2.25E-08;4.11E-07
0.0055;-0.183117149;85.93046941;-2646.530354;2.69E-01;1386.614299;0.228990184;0.053852965;2.54E-05;7.05E-09;0.000182292;5.85E-07;0.140018858;3.36E-07;1.06E-08;2.53E-11;9.24E-11;7.51E-08;1.26E-09;0.000313726;0.013228758;0.051328607;0.055924035;3.60E-08;2.36E-05;1.47E-08;4.45E-09;5.01E-06;9.75E-09;0.033082535;2.04E-05;0.031770656;0.000119996;0.038871098;4.78E-07;0.000128097;3.24E-06;3.39E-10;1.09E-08;3.99E-08;2.15E-05;1.93E-11;8.87E-05;1.08E-07;2.13E-07;1.02E-08;9.50E-11;9.58E-05;9.17E-11;2.04E-12;2.53E-06;5.36E-09;1.11E-05;7.04E-10;0.5733192;0.007311743;1.08E-07;0.000247641;2.43E-08;3.85E-07
0.0055625;-0.199191572;85.91760244;-2646.530354;2.57E-01;1424.735511;0.222688439;0.053647344;3.73E-05;1.04E-08;0.000195259;1.14E-06;0.14208107;2.84E-07;8.22E-09;7.83E-11;2.66E-10;1.50E-07;2.87E-09;0.000411549;0.01291747;0.05214847;0.056844086;4.63E-08;2.30E-05;2.12E-08;4.57E-09;5.16E-06;1.97E-08;0.033385282;2.57E-05;0.029319929;0.000113176;0.028203266;6.85E-07;0.000128101;3.91E-06;4.83E-10;1.29E-08;5.81E-08;2.17E-05;3.04E-11;9.04E-05;5.54E-08;2.08E-07;1.18E-08;1.75E-10;9.73E-05;1.12E-10;4.39E-12;2.56E-06;6.28E-09;1.12E-05;1.12E-09;0.582657141;0.007430027;1.24E-07;0.000196224;2.60E-08;3.55E-07
0.005625;-0.215685922;85.83227196;-2646.530354;2.46E-01;1464.422621;0.216589765;0.053197788;5.44E-05;1.53E-08;0.000210519;2.20E-06;0.144049479;2.43E-07;6.69E-09;2.42E-10;7.44E-10;2.91E-07;6.28E-09;0.0005203;0.012414071;0.052920684;0.057714805;6.00E-08;2.29E-05;3.17E-08;4.75E-09;5.38E-06;3.95E-08;0.03349246;3.15E-05;0.026228563;0.000101933;0.019484301;9.66E-07;0.000127694;4.86E-06;7.33E-10;1.54E-08;8.43E-08;2.18E-05;4.75E-11;9.21E-05;2.69E-08;2.01E-07;1.38E-08;3.19E-10;9.87E-05;1.38E-10;9.19E-12;2.58E-06;7.59E-09;1.14E-05;1.79E-09;0.5915013;0.007542439;1.33E-07;0.000143308;2.76E-08;3.20E-07
0.0056875;-0.232620389;85.67848412;-2646.530354;2.35E-01;1505.962641;0.21066667;0.052481306;7.87E-05;2.29E-08;0.000228684;4.19E-06;0.145932914;2.11E-07;5.77E-09;7.42E-10;2.00E-09;5.45E-07;1.32E-08;0.000631939;0.011691875;0.053646595;0.058543989;7.92E-08;2.35E-05;4.82E-08;5.07E-09;5.66E-06;7.82E-08;0.03332523;3.71E-05;0.02258297;8.67E-05;0.012681925;1.34E-06;0.000126972;6.21E-06;1.21E-09;1.89E-08;1.22E-07;2.19E-05;7.33E-11;9.39E-05;1.26E-08;1.93E-07;1.62E-08;5.80E-10;1.00E-04;1.72E-10;1.86E-11;2.61E-06;9.46E-09;1.15E-05;2.83E-09;0.599906329;0.007649646;1.32E-07;9.46E-05;2.87E-08;2.81E-07
0.00575;-0.250006087;85.46009668;-2646.530354;2.25E-01;1549.546783;0.204906699;0.051482742;0.000112792;3.49E-08;0.00025054;7.88E-06;0.147739735;1.89E-07;5.28E-09;2.25E-09;5.17E-09;9.82E-07;2.64E-08;0.000735507;0.010737742;0.054325902;0.059340143;1.07E-07;2.50E-05;7.40E-08;5.66E-09;5.96E-06;1.52E-07;0.032783963;4.18E-05;0.018558865;6.89E-05;0.007677465;1.85E-06;0.000126088;8.06E-06;2.18E-09;2.42E-08;1.75E-07;2.18E-05;1.12E-10;9.57E-05;6.02E-09;1.84E-07;1.93E-08;1.05E-09;0.000101121;2.21E-10;3.61E-11;2.63E-06;1.21E-08;1.16E-05;4.46E-09;0.607926475;0.007752313;1.18E-07;5.51E-05;2.92E-08;2.40E-07
0.0058125;-0.267835582;85.18081814;-2646.530354;2.15E-01;1595.209255;0.199314411;0.050195831;0.000160398;5.53E-08;0.000277124;1.46E-05;0.149477117;1.74E-07;5.17E-09;6.74E-09;1.28E-08;1.70E-06;5.03E-08;0.000819954;0.009561021;0.054955383;0.060112365;1.50E-07;2.74E-05;1.13E-07;6.69E-09;6.22E-06;2.89E-07;0.031756305;4.46E-05;0.014416312;5.05E-05;0.00425723;2.52E-06;0.000125224;1.05E-05;4.32E-09;3.23E-08;2.51E-07;2.15E-05;1.70E-10;9.78E-05;3.11E-09;1.75E-07;2.35E-08;1.88E-09;0.000102125;2.99E-10;6.75E-11;2.65E-06;1.58E-08;1.16E-05;6.99E-09;0.615611545;0.007851055;9.24E-08;2.77E-05;2.89E-08;1.99E-07
0.005875;-0.286070915;84.84419646;-2646.530354;2.05E-01;1642.760629;0.193913024;0.048621819;0.000227276;9.34E-08;0.000309896;2.64E-05;0.151150199;1.67E-07;5.43E-09;2.00E-08;3.06E-08;2.84E-06;9.20E-08;0.000878168;0.008200804;0.055526971;0.060870391;2.17E-07;3.10E-05;1.69E-07;8.39E-09;6.35E-06;5.35E-07;0.030134738;4.49E-05;0.010466422;3.37E-05;0.002125051;3.43E-06;0.000124527;1.35E-05;9.31E-09;4.51E-08;3.55E-07;2.11E-05;2.55E-10;0.000100139;1.84E-09;1.66E-07;2.93E-08;3.36E-09;0.000102953;4.38E-10;1.23E-10;2.68E-06;2.08E-08;1.17E-05;1.09E-08;0.623002735;0.007946382;6.22E-08;1.17E-05;2.80E-08;1.59E-07
0.0059375;-0.304630945;84.45359427;-2646.530354;1.96E-01;1691.733992;0.188744483;0.04676594;0.000322449;1.73E-07;0.000351095;4.74E-05;0.152761263;1.70E-07;6.16E-09;5.83E-08;7.17E-08;4.60E-06;1.63E-07;0.00090925;0.006727933;0.056024756;0.061625136;3.26E-07;3.55E-05;2.51E-07;1.10E-08;6.31E-06;9.56E-07;0.027842545;4.23E-05;0.007011382;2.04E-05;0.000939016;4.71E-06;0.000123997;1.70E-05;2.12E-08;6.58E-08;4.98E-07;2.03E-05;3.84E-10;0.000102895;1.26E-09;1.57E-07;3.74E-08;6.03E-09;0.000103543;7.09E-10;2.20E-10;2.72E-06;2.75E-08;1.17E-05;1.70E-08;0.630129881;0.008038663;3.54E-08;4.05E-06;2.65E-08;1.23E-07
0.006;-0.323381815;84.01215095;-2646.530354;1.87E-01;1741.367367;0.183866581;0.044634051;0.00045897;3.58E-07;0.000404453;8.41E-05;0.154309331;1.82E-07;7.53E-09;1.66E-07;1.65E-07;7.29E-06;2.80E-07;0.000915719;0.005238604;0.05642002;0.06239007;5.07E-07;4.11E-05;3.67E-07;1.50E-08;6.08E-06;1.64E-06;0.02486378;3.69E-05;0.004273777;1.13E-05;0.000364791;6.54E-06;0.000123351;2.06E-05;4.95E-08;9.87E-08;6.87E-07;1.92E-05;5.78E-10;0.000106216;9.83E-10;1.48E-07;4.82E-08;1.08E-08;0.000103785;1.25E-09;3.91E-10;2.78E-06;3.61E-08;1.16E-05;2.66E-08;0.637011371;0.008128123;1.68E-08;1.14E-06;2.47E-08;9.41E-08
0.0060625;-0.342133234;83.52273754;-2646.530354;1.79E-01;1790.63045;0.179347596;0.042231752;0.00065318;8.21E-07;0.000476596;0.000147475;0.155791064;2.08E-07;9.82E-09;4.48E-07;3.70E-07;1.12E-05;4.67E-07;0.000896314;0.003838388;0.056662856;0.063183511;8.06E-07;4.77E-05;5.29E-07;2.06E-08;5.66E-06;2.66E-06;0.02127007;2.93E-05;0.002339625;5.92E-06;0.000129014;9.22E-06;0.00012189;2.36E-05;1.14E-07;1.50E-07;9.21E-07;1.76E-05;8.67E-10;0.000110317;8.75E-10;1.41E-07;6.22E-08;1.93E-08;0.00010347;2.27E-09;6.87E-10;2.86E-06;4.69E-08;1.15E-05;4.14E-08;0.643656742;0.008214871;6.99E-09;2.79E-07;2.27E-08;7.23E-08
0.00609375;-0.351413375;83.26069849;-2646.530354;1.74E-01;1814.649452;0.177255881;0.040921577;0.000779671;1.30E-06;0.000524795;0.000194925;0.156511385;2.29E-07;1.15E-08;7.33E-07;5.48E-07;1.37E-05;5.96E-07;0.00087291;0.003202637;0.056694188;0.063603961;1.02E-06;5.13E-05;6.30E-07;2.41E-08;5.39E-06;3.31E-06;0.019289852;2.50E-05;0.001648021;4.15E-06;7.18E-05;1.11E-05;0.000120415;2.47E-05;1.74E-07;1.84E-07;1.05E-06;1.66E-05;1.06E-09;0.000112793;8.70E-10;1.37E-07;7.03E-08;2.59E-08;0.000102943;3.09E-09;9.07E-10;2.90E-06;5.31E-08;1.14E-05;5.16E-08;0.646913847;0.008257525;3.98E-09;1.20E-07;2.18E-08;6.40E-08
0.006125;-0.360593668;82.98743934;-2646.530354;1.70E-01;1838.07752;0.175282778;0.03954554;0.000927234;2.10E-06;0.000583394;0.000255928;0.157213985;2.55E-07;1.36E-08;1.16E-06;7.95E-07;1.66E-05;7.48E-07;0.000839197;0.002622933;0.056649171;0.064042171;1.29E-06;5.50E-05;7.40E-07;2.80E-08;5.08E-06;4.02E-06;0.017228305;2.07E-05;0.001124254;2.91E-06;3.97E-05;1.33E-05;0.000118234;2.54E-05;2.59E-07;2.24E-07;1.18E-06;1.55E-05;1.29E-09;0.000115592;8.95E-10;1.33E-07;7.90E-08;3.43E-08;0.000102088;4.10E-09;1.18E-09;2.95E-06;5.97E-08;1.13E-05;6.42E-08;0.650110775;0.008299481;2.20E-09;4.98E-08;2.07E-08;5.74E-08
0.00615625;-0.369632341;82.70323214;-2646.530354;1.66E-01;1860.717881;0.173439044;0.038104013;0.001097761;3.45E-06;0.000655878;0.000333847;0.157899411;2.89E-07;1.62E-08;1.78E-06;1.13E-06;1.96E-05;9.23E-07;0.000794236;0.002106127;0.056507573;0.064502751;1.62E-06;5.86E-05;8.56E-07;3.22E-08;4.73E-06;4.76E-06;0.01512129;1.66E-05;0.000742699;2.06E-06;2.20E-05;1.59E-05;0.000115127;2.55E-05;3.76E-07;2.71E-07;1.31E-06;1.43E-05;1.56E-09;0.000118773;9.55E-10;1.30E-07;8.79E-08;4.50E-08;0.000100795;5.30E-09;1.51E-09;3.01E-06;6.67E-08;1.11E-05;7.95E-08;0.653248083;0.008340743;1.20E-09;2.05E-08;1.97E-08;5.24E-08
0.0061875;-0.378483187;82.40832201;-2646.530354;1.62E-01;1882.360301;0.171736013;0.036596578;0.001292876;5.73E-06;0.000747072;0.000432605;0.158568984;3.33E-07;1.95E-08;2.63E-06;1.57E-06;2.29E-05;1.12E-06;0.000737852;0.001655959;0.056243942;0.064990683;2.02E-06;6.19E-05;9.73E-07;3.65E-08;4.35E-06;5.47E-06;0.013007917;1.29E-05;0.000475519;1.46E-06;1.24E-05;1.90E-05;0.000110873;2.51E-05;5.31E-07;3.22E-07;1.43E-06;1.30E-05;1.88E-09;0.000122401;1.06E-09;1.27E-07;9.69E-08;5.84E-08;9.89E-05;6.58E-09;1.90E-09;3.06E-06;7.39E-08;1.09E-05;9.81E-08;0.656326737;0.008381319;6.51E-10;8.54E-09;1.86E-08;4.86E-08
0.00621875;-0.38709446;82.10292545;-2646.530354;1.58E-01;1902.776471;0.17018613;0.035021652;0.001513871;9.64E-06;0.000863689;0.000556912;0.159224703;3.89E-07;2.36E-08;3.75E-06;2.11E-06;2.61E-05;1.33E-06;0.0006709;0.001273066;0.055826702;0.065511011;2.48E-06;6.48E-05;1.08E-06;4.06E-08;3.95E-06;6.09E-06;0.010929354;9.75E-06;0.000295616;1.03E-06;7.02E-06;2.26E-05;0.000105267;2.40E-05;7.25E-07;3.77E-07;1.53E-06;1.16E-05;2.24E-09;0.000126548;1.21E-09;1.24E-07;1.06E-07;7.47E-08;9.63E-05;7.79E-09;2.34E-09;3.10E-06;8.10E-08;1.07E-05;1.21E-07;0.659348288;0.008421225;3.57E-10;3.62E-09;1.75E-08;4.57E-08
0.00625;-0.395407149;81.78722786;-2646.530354;1.54E-01;1921.712338;0.168803712;0.033376272;0.001761618;1.64E-05;0.001015082;0.000712533;0.159868826;4.62E-07;2.87E-08;5.10E-06;2.77E-06;2.92E-05;1.54E-06;0.000595208;0.000955243;0.055217367;0.066068345;3.01E-06;6.70E-05;1.18E-06;4.43E-08;3.53E-06;6.53E-06;0.008928161;7.17E-06;0.000178915;7.15E-07;3.99E-06;2.66E-05;9.81E-05;2.23E-05;9.52E-07;4.32E-07;1.59E-06;1.02E-05;2.65E-09;0.000131286;1.43E-09;1.21E-07;1.14E-07;9.35E-08;9.28E-05;8.72E-09;2.82E-09;3.13E-06;8.77E-08;1.04E-05;1.48E-07;0.662314965;0.008460486;1.95E-10;1.55E-09;1.65E-08;4.32E-08
0.00628125;-0.403352728;81.46138013;-2646.530354;1.50E-01;1938.877766;0.167605909;0.031656285;0.002036345;2.81E-05;0.001214279;0.000906627;0.160502777;5.57E-07;3.48E-08;6.58E-06;3.50E-06;3.17E-05;1.74E-06;0.000513276;0.000697936;0.054370228;0.066666041;3.58E-06;6.81E-05;1.25E-06;4.72E-08;3.09E-06;6.70E-06;0.007048172;5.15E-06;0.000105695;4.80E-07;2.24E-06;3.07E-05;8.94E-05;1.99E-05;1.19E-06;4.84E-07;1.62E-06;8.75E-06;3.12E-09;0.000136674;1.74E-09;1.18E-07;1.21E-07;1.14E-07;8.82E-05;9.13E-09;3.31E-09;3.11E-06;9.35E-08;9.95E-06;1.80E-07;0.665229658;0.008499133;1.04E-10;6.59E-10;1.54E-08;4.04E-08
0.0063125;-0.410851156;81.12549395;-2646.530354;1.46E-01;1953.936944;0.166613535;0.02985734;0.002337129;4.85E-05;0.001479307;0.001148036;0.161125012;6.80E-07;4.24E-08;7.99E-06;4.24E-06;3.34E-05;1.90E-06;0.000427901;0.00049491;0.053233306;0.067304927;4.15E-06;6.77E-05;1.28E-06;4.89E-08;2.65E-06;6.53E-06;0.005334442;3.61E-06;6.10E-05;3.06E-07;1.22E-06;3.43E-05;7.89E-05;1.71E-05;1.42E-06;5.28E-07;1.60E-06;7.32E-06;3.63E-09;0.000142741;2.20E-09;1.15E-07;1.26E-07;1.35E-07;8.24E-05;8.81E-09;3.75E-09;3.04E-06;9.79E-08;9.43E-06;2.17E-07;0.668095678;0.008537205;5.22E-11;2.70E-10;1.41E-08;3.67E-08
0.00634375;-0.417811167;80.77963647;-2646.530354;1.43E-01;1966.50884;0.165851062;0.027977172;0.002660912;8.36E-05;0.001834676;0.001447112;0.161727492;8.36E-07;5.14E-08;8.99E-06;4.87E-06;3.35E-05;2.00E-06;0.000342018;0.000339013;0.051752123;0.067981362;4.65E-06;6.51E-05;1.25E-06;4.88E-08;2.21E-06;5.99E-06;0.003832025;2.45E-06;3.42E-05;1.82E-07;6.29E-07;3.67E-05;6.69E-05;1.39E-05;1.58E-06;5.59E-07;1.53E-06;5.94E-06;4.19E-09;0.000149457;2.84E-09;1.13E-07;1.30E-07;1.53E-07;7.54E-05;7.71E-09;4.06E-09;2.89E-06;1.00E-07;8.78E-06;2.58E-07;0.670916274;0.008574738;2.42E-11;1.04E-10;1.27E-08;3.17E-08
0.006375;-0.424136674;80.42382648;-2646.530354;1.39E-01;1976.194909;0.165344451;0.02601963;0.003001011;0.000142292;0.002312551;0.001814282;0.162291034;1.03E-06;6.21E-08;9.21E-06;5.18E-06;3.16E-05;1.97E-06;0.00025894;0.000222904;0.049878666;0.068684575;4.95E-06;5.96E-05;1.17E-06;4.62E-08;1.76E-06;5.09E-06;0.002581589;1.59E-06;1.85E-05;9.88E-08;3.02E-07;3.67E-05;5.38E-05;1.06E-05;1.63E-06;5.72E-07;1.41E-06;4.67E-06;4.77E-09;0.000156683;3.76E-09;1.10E-07;1.31E-07;1.65E-07;6.71E-05;6.02E-09;4.12E-09;2.64E-06;1.00E-07;7.98E-06;3.00E-07;0.673693941;0.008611759;9.91E-12;3.59E-11;1.10E-08;2.54E-08
0.00640625;-0.429743743;80.05803672;-2646.530354;1.35E-01;1982.654238;0.16511534;0.024000154;0.003345555;0.000235526;0.002952598;0.002256411;0.162781163;1.26E-06;7.46E-08;8.39E-06;4.98E-06;2.73E-05;1.78E-06;0.000182754;0.000139584;0.047587408;0.069393691;4.88E-06;5.08E-05;1.00E-06;4.07E-08;1.32E-06;3.96E-06;0.00161026;9.64E-07;9.40E-06;4.74E-08;1.31E-07;3.34E-05;4.05E-05;7.53E-06;1.55E-06;5.62E-07;1.24E-06;3.54E-06;5.36E-09;0.000164131;5.04E-09;1.08E-07;1.30E-07;1.67E-07;5.79E-05;4.09E-09;3.82E-09;2.28E-06;9.67E-08;7.04E-06;3.36E-07;0.676429724;0.008648275;3.46E-12;1.08E-11;8.82E-09;1.83E-08
0.0064375;-0.43458836;79.68220845;-2646.530354;1.32E-01;1985.726327;0.165171614;0.021950548;0.003676993;0.000373218;0.003799141;0.002771216;0.163147881;1.52E-06;8.90E-08;6.63E-06;4.20E-06;2.10E-05;1.44E-06;0.000118084;8.26E-05;0.044895966;0.070075894;4.35E-06;3.93E-05;7.82E-07;3.27E-08;9.20E-07;2.76E-06;0.000919519;5.34E-07;4.44E-06;1.97E-08;5.05E-08;2.71E-05;2.80E-05;4.88E-06;1.35E-06;5.26E-07;1.04E-06;2.58E-06;5.92E-09;0.000171334;6.72E-09;1.07E-07;1.25E-07;1.57E-07;4.82E-05;2.40E-09;3.16E-09;1.84E-06;8.99E-08;5.99E-06;3.59E-07;0.679122832;0.008684271;1.02E-12;2.84E-12;6.46E-09;1.15E-08
0.006453125;-0.436733004;79.49051531;-2646.530354;1.30E-01;1986.039485;0.16530149;0.020932509;0.003829802;0.000460382;0.00431656;0.003050007;0.163262665;1.67E-06;9.69E-08;5.57E-06;3.66E-06;1.76E-05;1.23E-06;9.15E-05;6.18E-05;0.043427349;0.070390577;3.92E-06;3.33E-05;6.61E-07;2.81E-08;7.41E-07;2.20E-06;0.000668164;3.79E-07;2.91E-06;1.18E-08;2.91E-08;2.32E-05;2.26E-05;3.78E-06;1.22E-06;5.00E-07;9.34E-07;2.17E-06;6.18E-09;0.000174624;7.72E-09;1.06E-07;1.21E-07;1.48E-07;4.34E-05;1.74E-09;2.74E-09;1.61E-06;8.54E-08;5.44E-06;3.62E-07;0.68045244;0.00870206;4.87E-13;1.28E-12;5.27E-09;8.61E-09
0.00646875;-0.438701947;79.29627123;-2646.530354;1.28E-01;1985.584609;0.165494994;0.019926212;0.003971293;0.000559468;0.00490132;0.003339431;0.163324606;1.82E-06;1.05E-07;4.48E-06;3.06E-06;1.42E-05;1.01E-06;6.89E-05;4.55E-05;0.041891896;0.070681488;3.42E-06;2.72E-05;5.41E-07;2.34E-08;5.82E-07;1.70E-06;0.000472771;2.60E-07;1.85E-06;6.72E-09;1.62E-08;1.91E-05;1.77E-05;2.85E-06;1.07E-06;4.69E-07;8.27E-07;1.81E-06;6.42E-09;0.000177632;8.83E-09;1.06E-07;1.16E-07;1.38E-07;3.87E-05;1.23E-09;2.28E-09;1.38E-06;8.02E-08;4.90E-06;3.60E-07;0.681769882;0.008719697;2.19E-13;5.51E-13;4.16E-09;6.17E-09
0.006484375;-0.440508929;79.09947494;-2646.530354;1.26E-01;1984.426499;0.165746644;0.018938776;0.004099015;0.000669591;0.005557345;0.003635286;0.163327418;1.99E-06;1.14E-07;3.45E-06;2.45E-06;1.10E-05;8.05E-07;5.04E-05;3.28E-05;0.040306673;0.070942633;2.88E-06;2.16E-05;4.27E-07;1.88E-08;4.44E-07;1.27E-06;0.000325232;1.73E-07;1.14E-06;3.65E-09;8.55E-09;1.52E-05;1.36E-05;2.09E-06;9.28E-07;4.34E-07;7.23E-07;1.49E-06;6.63E-09;0.000180291;1.00E-08;1.06E-07;1.10E-07;1.26E-07;3.41E-05;8.52E-10;1.83E-09;1.16E-06;7.46E-08;4.38E-06;3.53E-07;0.683074701;0.008737176;9.26E-14;2.22E-13;3.18E-09;4.24E-09
0.0065;-0.442170395;78.90012968;-2646.530354;1.25E-01;1982.641425;0.166050096;0.017976932;0.004210917;0.000789323;0.006287658;0.003932952;0.163266032;2.16E-06;1.23E-07;2.54E-06;1.89E-06;8.25E-06;6.15E-07;3.58E-05;2.32E-05;0.038690027;0.071168305;2.33E-06;1.66E-05;3.26E-07;1.46E-08;3.29E-07;9.09E-07;0.000216924;1.11E-07;6.75E-07;1.86E-09;4.23E-09;1.16E-05;1.01E-05;1.48E-06;7.90E-07;3.96E-07;6.24E-07;1.21E-06;6.81E-09;0.000182546;1.13E-08;1.07E-07;1.04E-07;1.13E-07;2.99E-05;5.83E-10;1.41E-09;9.54E-07;6.85E-08;3.87E-06;3.40E-07;0.684366411;0.008754488;3.47E-14;8.00E-14;2.33E-09;2.78E-09
0.00653125;-0.445109087;78.49382385;-2646.530354;1.21E-01;1977.43668;0.166792788;0.016146396;0.004382833;0.001052089;0.007976832;0.004519805;0.162940729;2.56E-06;1.43E-07;1.21E-06;9.95E-07;4.20E-06;3.26E-07;1.67E-05;1.12E-05;0.035416278;0.071498753;1.39E-06;8.88E-06;1.73E-07;8.10E-09;1.68E-07;4.36E-07;9.19E-05;4.36E-08;2.33E-07;4.56E-10;1.01E-09;6.18E-06;5.25E-06;7.04E-07;5.48E-07;3.18E-07;4.47E-07;7.89E-07;7.09E-09;0.000185745;1.41E-08;1.08E-07;8.91E-08;8.72E-08;2.23E-05;2.84E-10;7.55E-10;6.10E-07;5.60E-08;2.94E-06;3.03E-07;0.686910621;0.008788615;5.30E-15;1.15E-14;1.19E-09;1.10E-09
0.0065625;-0.447662414;78.07756727;-2646.530354;1.18E-01;1970.62068;0.167669241;0.014474205;0.00447917;0.001331395;0.009975047;0.00506379;0.162334017;3.02E-06;1.64E-07;4.93E-07;4.55E-07;1.89E-06;1.51E-07;7.08E-06;5.03E-06;0.032214057;0.071636251;7.30E-07;4.23E-06;8.07E-08;3.97E-09;7.69E-08;1.86E-07;3.55E-05;1.57E-08;7.44E-08;9.58E-11;2.07E-10;2.90E-06;2.50E-06;3.03E-07;3.69E-07;2.44E-07;3.07E-07;4.96E-07;7.23E-09;0.000187121;1.71E-08;1.12E-07;7.41E-08;6.43E-08;1.61E-05;1.55E-10;3.52E-10;3.65E-07;4.39E-08;2.17E-06;2.55E-07;0.689397481;0.008822007;6.66E-16;1.39E-15;5.49E-10;3.85E-10
0.00659375;-0.449917726;77.65154513;-2646.530354;1.15E-01;1962.589454;0.168647633;0.012972157;0.004502107;0.001612801;0.012275075;0.005542247;0.161456655;3.54E-06;1.85E-07;1.72E-07;1.80E-07;7.50E-07;6.16E-08;2.71E-06;2.11E-06;0.029168392;0.071563238;3.46E-07;1.79E-06;3.33E-08;1.72E-09;3.18E-08;7.01E-08;1.25E-05;5.19E-09;2.21E-08;1.79E-11;3.65E-11;1.20E-06;1.09E-06;1.18E-07;2.45E-07;1.81E-07;2.03E-07;3.03E-07;7.25E-09;0.000186832;2.02E-08;1.18E-07;6.02E-08;4.56E-08;1.13E-05;9.48E-11;1.43E-10;2.06E-07;3.32E-08;1.57E-06;2.05E-07;0.691824496;0.008854626;7.18E-17;1.45E-16;2.30E-10;1.22E-10
0.006625;-0.451921013;77.2159791;-2646.530354;1.11E-01;1953.558071;0.169711772;0.011635149;0.0044597;0.001883842;0.01486092;0.005942211;0.160333618;4.11E-06;2.07E-07;4.78E-08;5.79E-08;2.46E-07;2.06E-08;8.81E-07;7.83E-07;0.026325286;0.07127505;1.48E-07;6.36E-07;1.14E-08;6.25E-10;1.11E-08;2.16E-08;3.64E-06;1.43E-09;5.44E-09;2.60E-12;4.57E-12;4.09E-07;4.12E-07;3.84E-08;1.60E-07;1.29E-07;1.30E-07;1.80E-07;7.16E-09;0.000185162;2.34E-08;1.25E-07;4.82E-08;3.12E-08;7.75E-06;6.17E-11;4.76E-11;1.09E-07;2.44E-08;1.11E-06;1.58E-07;0.69419093;0.008886456;5.15E-18;1.01E-17;8.25E-11;3.16E-11
0.0066875;-0.455214641;76.31716396;-2646.530354;1.05E-01;1932.773094;0.172086217;0.00940337;0.004212685;0.00236328;0.020831252;0.006492283;0.157443882;5.38E-06;2.47E-07;4.39E-09;7.07E-09;3.28E-08;2.80E-09;1.19E-07;1.34E-07;0.021284074;0.070075179;4.48E-08;9.69E-08;1.62E-09;9.88E-11;1.70E-09;2.65E-09;4.26E-07;1.61E-10;5.72E-10;1.54E-13;1.87E-13;5.86E-08;7.09E-08;5.34E-09;7.09E-08;6.39E-08;5.35E-08;6.57E-08;6.70E-09;0.000178646;2.97E-08;1.46E-07;3.16E-08;1.38E-08;3.56E-06;2.80E-11;6.25E-12;3.30E-08;1.26E-08;5.58E-07;8.81E-08;0.698756064;0.008947917;1.20E-19;2.49E-19;1.38E-11;3.54E-12
0.00675;-0.45748549;75.38355752;-2646.530354;9.94E-02;1908.182435;0.174826698;0.007630405;0.003831789;0.002724072;0.027661751;0.006729818;0.153911417;6.72E-06;2.86E-07;3.23E-10;7.13E-10;3.78E-09;3.25E-10;1.47E-08;2.19E-08;0.017077623;0.06814907;2.25E-08;1.32E-08;1.99E-10;1.38E-11;2.36E-10;2.74E-10;4.45E-08;1.64E-11;5.84E-11;1.12E-14;7.16E-15;7.23E-09;1.13E-08;6.63E-10;3.11E-08;3.06E-08;2.15E-08;2.38E-08;6.02E-09;0.000169932;3.61E-08;1.74E-07;2.20E-08;5.67E-09;1.58E-06;1.23E-11;6.88E-13;1.00E-08;6.17E-09;2.73E-07;4.51E-08;0.703098286;0.00900643;2.62E-21;5.99E-21;2.10E-12;3.90E-13
0.0068125;-0.458597781;74.41676307;-2646.530354;9.38E-02;1879.422067;0.178004075;0.006197462;0.003384977;0.002952682;0.03517135;0.006699755;0.149889619;8.11E-06;3.24E-07;2.07E-11;6.38E-11;4.02E-10;3.46E-11;1.80E-09;3.52E-09;0.01360725;0.065630889;1.49E-08;1.74E-09;2.29E-11;1.83E-12;3.20E-11;2.52E-11;4.35E-09;1.57E-12;5.97E-12;9.99E-16;2.85E-16;8.07E-10;1.75E-09;7.67E-11;1.39E-08;1.49E-08;8.60E-09;8.78E-09;5.24E-09;0.000160266;4.26E-08;2.06E-07;1.68E-08;2.20E-09;6.87E-07;5.29E-12;6.81E-14;3.13E-09;2.91E-09;1.33E-07;2.18E-08;0.707233939;0.00906218;5.66E-23;1.49E-22;3.12E-13;4.38E-14
0.006875;-0.458420617;73.41820094;-2646.530354;8.85E-02;1846.168854;0.181697595;0.005021913;0.002919268;0.003052237;0.04320718;0.006451495;0.14547304;9.56E-06;3.65E-07;1.26E-12;5.42E-12;4.21E-11;3.61E-12;2.30E-10;5.78E-10;0.010768771;0.062651079;1.05E-08;2.46E-10;2.62E-12;2.46E-13;4.52E-12;2.14E-12;4.12E-10;1.46E-13;6.26E-13;1.01E-16;1.32E-17;8.61E-11;2.70E-10;8.61E-12;6.64E-09;7.75E-09;3.48E-09;3.34E-09;4.43E-09;0.000150308;4.94E-08;2.42E-07;1.39E-08;8.28E-10;3.00E-07;2.27E-12;6.48E-15;1.02E-09;1.36E-09;6.42E-08;1.02E-08;0.711178706;0.009115354;1.27E-24;3.95E-24;4.68E-14;5.10E-15
0.0069375;-0.456844703;72.38914505;-2646.530354;8.34E-02;1808.196214;0.185991327;0.004049115;0.002464965;0.003035135;0.051643309;0.006032573;0.1407174;1.11E-05;4.10E-07;7.98E-14;4.67E-13;4.60E-12;3.92E-13;3.13E-11;9.91E-11;0.008467868;0.059324218;7.30E-09;4.55E-11;3.14E-13;3.53E-14;6.90E-13;1.75E-13;3.90E-11;1.36E-14;6.84E-14;1.11E-17;8.19E-19;9.19E-12;4.27E-11;9.67E-13;3.42E-09;4.47E-09;1.43E-09;1.31E-09;3.65E-09;0.000140386;5.68E-08;2.79E-07;1.23E-08;3.02E-10;1.32E-07;9.89E-13;6.33E-16;3.52E-10;6.26E-10;3.12E-08;4.71E-09;0.714946857;0.009166124;3.05E-26;1.14E-25;7.34E-15;6.24E-16
0.007;-0.45378734;71.33077069;-2646.530354;7.85E-02;1765.385244;0.190974999;0.003242004;0.002040704;0.002918748;0.060371837;0.005488647;0.135657418;1.28E-05;4.63E-07;4.85E-15;3.44E-14;4.42E-13;3.65E-14;3.69E-12;1.45E-11;0.006622245;0.055747965;5.03E-09;1.29E-11;3.20E-14;4.40E-15;9.32E-14;1.03E-14;2.80E-12;9.70E-16;5.95E-15;1.00E-18;5.39E-20;7.78E-13;5.56E-12;8.39E-14;1.86E-09;2.83E-09;5.83E-10;5.10E-10;2.93E-09;0.000130656;6.51E-08;3.15E-07;1.12E-08;1.04E-10;5.75E-08;4.27E-13;5.34E-17;1.17E-10;2.79E-10;1.49E-08;2.08E-09;0.718551414;0.009214647;5.72E-28;2.56E-27;9.71E-16;6.21E-17
0.007125;-0.442999105;69.12929762;-2646.530354;6.93E-02;1665.206352;0.203437826;0.002026534;0.001302406;0.002444782;0.078637537;0.004159828;0.124549056;1.67E-05;6.15E-07;1.26E-16;1.05E-15;2.41E-14;1.71E-15;2.51E-13;1.37E-12;0.004023009;0.048011848;2.27E-09;4.13E-12;1.66E-15;3.55E-16;9.26E-15;2.52E-16;1.17E-13;3.60E-17;3.19E-16;6.13E-20;3.26E-21;3.62E-14;4.38E-13;4.63E-15;6.39E-10;1.45E-09;1.43E-10;1.28E-10;1.72E-09;0.000111744;8.74E-08;3.78E-07;9.83E-09;1.71E-11;1.70E-08;1.28E-13;2.28E-18;2.59E-11;8.21E-11;4.86E-09;5.76E-10;0.725408681;0.009306772;7.33E-30;3.90E-29;8.84E-17;3.79E-18
0.0071875;-0.435356593;67.99166834;-2646.530354;6.51E-02;1608.52552;0.211088478;0.001588367;0.001009739;0.002142021;0.087709361;0.003475564;0.118720062;1.90E-05;7.31E-07;2.00E-17;1.46E-16;4.71E-15;2.89E-16;5.17E-14;3.49E-13;0.003136169;0.044149069;1.50E-09;2.61E-12;3.26E-16;8.41E-17;2.45E-15;2.18E-17;1.47E-14;4.20E-18;4.97E-17;1.06E-20;6.34E-22;5.33E-15;9.30E-14;7.39E-16;3.66E-10;1.04E-09;7.04E-11;6.38E-11;1.27E-09;0.000102921;1.03E-07;3.95E-07;9.35E-09;6.49E-12;9.39E-09;7.31E-14;3.77E-19;1.19E-11;4.39E-11;2.81E-09;2.97E-10;0.728596971;0.0093495;6.51E-31;2.06E-30;2.10E-17;6.62E-19
0.00725;-0.426195093;66.8295217;-2646.530354;6.09E-02;1547.627864;0.219885696;0.001243759;0.000763088;0.001816301;0.096739741;0.002812819;0.112673582;2.16E-05;8.93E-07;3.69E-18;2.42E-17;1.11E-15;5.67E-17;1.23E-14;1.02E-13;0.002463178;0.040311053;9.74E-10;1.76E-12;8.79E-17;2.40E-17;7.66E-16;2.03E-18;2.08E-15;5.45E-19;8.80E-18;2.10E-21;1.51E-22;9.02E-16;2.18E-14;1.36E-16;2.05E-10;7.37E-10;3.65E-11;3.39E-11;8.99E-10;9.44E-05;1.24E-07;4.00E-07;8.95E-09;2.52E-12;5.60E-09;4.59E-14;7.56E-20;5.83E-12;2.47E-11;1.72E-09;1.60E-10;0.731668394;0.009390571;1.31E-31;1.34E-31;5.71E-18;1.31E-19
0.0073125;-0.415573766;65.64440066;-2646.530354;5.70E-02;1482.902197;0.22998616;0.000979666;0.000559989;0.0014866;0.105653114;0.002200697;0.106437689;2.46E-05;1.13E-06;6.88E-19;4.39E-18;2.92E-16;1.25E-17;3.38E-15;3.42E-14;0.00195799;0.036547782;6.23E-10;1.24E-12;3.28E-17;8.40E-18;2.83E-16;2.04E-19;3.43E-16;7.92E-20;1.79E-18;4.90E-22;4.42E-23;1.72E-16;5.71E-15;2.96E-17;1.12E-10;5.06E-10;1.97E-11;1.93E-11;6.13E-10;8.63E-05;1.53E-07;3.93E-07;8.62E-09;9.96E-13;3.63E-09;3.19E-14;1.67E-20;3.09E-12;1.48E-11;1.12E-09;9.14E-11;0.734633737;0.009430123;4.24E-32;1.13E-32;1.80E-18;2.99E-20
0.007375;-0.403581081;64.43812038;-2646.530354;5.32E-02;1414.829514;0.241569021;0.000783595;0.000397032;0.001169496;0.114380514;0.001660905;0.100046065;2.79E-05;1.48E-06;1.22E-19;8.24E-19;8.25E-17;3.03E-18;1.07E-15;1.35E-14;0.001581014;0.032901376;3.90E-10;9.25E-13;1.55E-17;3.68E-18;1.24E-16;2.25E-20;6.75E-17;1.31E-20;4.26E-19;1.35E-22;1.59E-23;3.65E-17;1.69E-15;7.77E-18;5.83E-11;3.36E-10;1.11E-11;1.17E-11;3.99E-10;7.86E-05;1.96E-07;3.75E-07;8.31E-09;3.98E-13;2.55E-09;2.46E-14;3.85E-21;1.77E-12;9.38E-12;7.87E-10;5.48E-11;0.737503203;0.009468289;1.86E-32;1.40E-33;6.65E-19;8.00E-21
0.0074375;-0.390336497;63.21285624;-2646.530354;4.95E-02;1343.98286;0.254837534;0.000642955;0.000270201;0.000879355;0.122858907;0.001207305;0.093539383;3.14E-05;2.04E-06;1.98E-20;1.54E-19;2.41E-17;8.00E-19;3.88E-16;6.22E-15;0.001299185;0.02940618;2.38E-10;7.17E-13;8.30E-18;2.03E-18;6.45E-17;2.74E-21;1.61E-17;2.48E-21;1.19E-19;4.39E-23;7.09E-24;8.52E-18;5.66E-16;2.50E-18;2.89E-11;2.13E-10;6.45E-12;7.54E-12;2.45E-10;7.11E-05;2.63E-07;3.48E-07;8.01E-09;1.59E-13;1.92E-09;2.09E-14;8.86E-22;1.10E-12;6.30E-12;5.85E-10;3.43E-11;0.740286103;0.009505188;1.05E-32;3.70E-34;2.88E-19;2.55E-21
0.0075;-0.375992296;61.97124539;-2646.530354;4.59E-02;1271.027881;0.27001894;0.000545116;0.000175104;0.000627951;0.131032188;0.000844999;0.086965473;3.51E-05;2.92E-06;2.80E-21;2.80E-20;7.15E-18;2.29E-19;1.64E-16;3.36E-15;0.001085925;0.026088986;1.39E-10;5.74E-13;4.61E-18;1.36E-18;3.98E-17;3.76E-22;4.74E-18;5.45E-22;3.99E-20;1.69E-23;3.92E-24;2.18E-18;2.17E-16;9.90E-19;1.35E-11;1.30E-10;3.87E-12;5.17E-12;1.41E-10;6.40E-05;3.76E-07;3.16E-07;7.68E-09;6.24E-14;1.54E-09;1.92E-14;1.97E-22;7.39E-13;4.46E-12;4.58E-10;2.22E-11;0.74299059;0.009540925;7.70E-33;2.87E-34;1.47E-19;9.80E-22
0.0075625;-0.360734504;60.71650183;-2646.530354;4.24E-02;1196.719635;0.287361907;0.000478142;0.000107031;0.00042349;0.1388532;0.000570246;0.080377787;3.84E-05;4.12E-06;3.37E-22;4.79E-21;2.10E-18;7.17E-20;7.87E-17;2.10E-15;0.000920826;0.022969573;7.74E-11;4.64E-13;2.50E-18;1.05E-18;2.88E-17;5.78E-23;1.74E-18;1.39E-22;1.60E-20;7.62E-24;2.61E-24;6.06E-19;9.49E-17;4.81E-19;5.99E-12;7.57E-11;2.39E-12;3.74E-12;7.52E-11;5.72E-05;5.75E-07;2.82E-07;7.27E-09;2.36E-14;1.28E-09;1.87E-14;4.11E-23;5.35E-13;3.33E-12;3.72E-10;1.46E-11;0.745623444;0.009575587;7.24E-33;4.49E-34;8.65E-20;4.51E-22
0.007625;-0.344781349;59.45254061;-2646.530354;3.91E-02;1121.890173;0.307131066;0.000431788;6.10E-05;0.000269101;0.146285793;0.000372086;0.073832297;4.10E-05;5.35E-06;3.43E-23;7.57E-22;6.10E-19;2.44E-20;4.23E-17;1.48E-15;0.000788997;0.02006159;4.02E-11;3.68E-13;1.25E-18;8.86E-19;2.37E-17;9.93E-24;7.89E-19;4.00E-23;7.65E-21;3.85E-24;1.92E-24;1.83E-19;4.72E-17;2.81E-19;2.52E-12;4.30E-11;1.50E-12;2.85E-12;3.65E-11;5.07E-05;9.31E-07;2.48E-07;6.71E-09;8.48E-15;1.08E-09;1.90E-14;7.97E-24;4.12E-13;2.60E-12;3.10E-10;9.62E-12;0.748189923;0.009609239;8.65E-33;8.21E-34;5.74E-20;2.44E-22
0.0076875;-0.328377382;58.18409943;-2646.530354;3.58E-02;1047.420993;0.329599086;0.000398234;3.20E-05;0.000161805;0.153305243;0.000235624;0.067383675;4.17E-05;6.21E-06;2.88E-24;1.10E-22;1.75E-19;8.94E-21;2.45E-17;1.14E-15;0.000680127;0.017373701;1.92E-11;2.79E-13;5.52E-19;7.68E-19;2.11E-17;1.87E-24;4.34E-19;1.25E-23;4.31E-21;2.07E-24;1.30E-24;5.93E-20;2.64E-17;1.91E-19;1.03E-12;2.40E-11;9.61E-13;2.26E-12;1.59E-11;4.43E-05;1.52E-06;2.15E-07;5.92E-09;2.86E-15;9.30E-10;1.99E-14;1.43E-24;3.31E-13;2.11E-12;2.61E-10;6.34E-12;0.750693651;0.009641924;1.24E-32;1.33E-33;4.06E-20;1.48E-22
0.00775;-0.311783044;56.91683761;-2646.530354;3.26E-02;974.2009247;0.355036778;0.000372174;1.53E-05;9.33E-05;0.159896024;0.000145579;0.06108249;3.99E-05;6.52E-06;3.36E-25;1.51E-23;5.18E-20;3.40E-21;1.48E-17;9.31E-16;0.000587428;0.014910714;8.34E-12;1.98E-13;2.06E-19;6.62E-19;1.93E-17;3.71E-25;2.79E-19;3.98E-24;2.77E-21;1.10E-24;5.01E-25;2.06E-20;1.63E-17;1.43E-19;4.08E-13;1.32E-11;6.23E-13;1.85E-12;6.14E-12;3.80E-05;2.37E-06;1.85E-07;4.90E-09;8.92E-16;7.98E-10;2.10E-14;2.43E-25;2.73E-13;1.76E-12;2.20E-10;4.14E-12;0.753136334;0.009673664;1.91E-32;1.67E-33;2.82E-20;9.51E-23
0.0078125;-0.29526045;55.65738682;-2646.530354;2.96E-02;903.074341;0.383702466;0.00035035;6.58E-06;5.27E-05;0.166047655;8.85E-05;0.054974387;3.51E-05;6.35E-06;0;2.03E-24;1.65E-20;1.32E-21;9.05E-18;7.82E-16;0.000506633;0.012674484;3.24E-12;1.31E-13;6.43E-20;5.60E-19;1.77E-17;7.46E-26;1.99E-19;1.23E-24;1.95E-21;5.37E-25;0;7.55E-21;1.09E-17;1.13E-19;1.58E-13;7.09E-12;4.10E-13;1.55E-12;2.06E-12;3.20E-05;3.35E-06;1.57E-07;3.76E-09;2.58E-16;6.81E-10;2.24E-14;4.10E-26;2.28E-13;1.47E-12;1.85E-10;2.67E-12;0.75551724;0.009704444;3.37E-33;1.37E-33;1.77E-20;6.19E-23
0.007875;-0.279056519;54.41332502;-2646.530354;2.66E-02;834.786122;0.415833632;0.000330875;2.54E-06;2.98E-05;0.171750931;5.37E-05;0.049100603;2.83E-05;5.87E-06;1.24E-25;2.72E-25;5.77E-21;5.12E-22;5.55E-18;6.67E-16;0.000435177;0.01066446;1.12E-12;8.27E-14;1.71E-20;4.59E-19;1.59E-17;1.47E-26;1.52E-19;3.60E-25;1.47E-21;2.28E-25;0;2.92E-21;7.66E-18;9.13E-20;5.94E-14;3.59E-12;2.77E-13;1.31E-12;6.01E-13;2.65E-05;4.21E-06;1.32E-07;2.69E-09;6.91E-17;5.77E-10;2.39E-14;6.96E-27;1.90E-13;1.23E-12;1.55E-10;1.68E-12;0.757832673;0.009734214;4.95E-33;1.15E-33;9.34E-21;4.02E-23
0.0079375;-0.26339768;53.19306531;-2646.530354;2.37E-02;769.9673906;0.451624026;0.000312672;8.87E-07;1.73E-05;0.176996435;3.29E-05;0.043499059;2.10E-05;5.25E-06;1.28E-24;3.64E-26;2.19E-21;2.01E-22;3.39E-18;5.71E-16;0.000371573;0.008877934;3.50E-13;5.17E-14;4.09E-21;3.58E-19;1.39E-17;2.81E-27;1.20E-19;9.89E-26;1.14E-21;8.02E-26;0;1.19E-21;5.60E-18;7.39E-20;2.21E-14;1.69E-12;1.91E-13;1.12E-12;1.53E-13;2.17E-05;4.76E-06;1.09E-07;1.83E-09;1.73E-17;4.83E-10;2.56E-14;1.19E-27;1.58E-13;1.02E-12;1.29E-10;1.03E-12;0.760075615;0.00976288;4.86E-33;9.45E-34;4.09E-21;2.60E-23
0.008;-0.248492717;52.00566691;-2646.530354;2.10E-02;709.1474595;0.491180128;0.000295134;2.91E-07;1.03E-05;0.181775346;2.06E-05;0.038205522;1.47E-05;4.58E-06;0;4.89E-27;8.75E-22;7.97E-23;2.05E-18;4.88E-16;0.000314976;0.007310079;1.02E-13;3.28E-14;9.75E-22;2.59E-19;1.20E-17;5.12E-28;9.57E-20;2.63E-26;8.94E-22;2.06E-26;0;5.03E-22;4.18E-18;5.94E-20;8.24E-15;7.48E-13;1.36E-13;9.53E-13;3.49E-14;1.76E-05;4.92E-06;8.99E-08;1.22E-09;4.05E-18;4.01E-10;2.67E-14;2.00E-28;1.29E-13;8.41E-13;1.06E-10;6.15E-13;0.762235639;0.009790305;3.02E-33;7.65E-34;1.53E-21;1.70E-23
0.0080625;-0.234538984;50.86056704;-2646.530354;1.84E-02;652.7747829;0.534453182;0.000277943;9.41E-08;6.28E-06;0.186081096;1.32E-05;0.033254365;9.90E-06;3.94E-06;3.45E-25;0;3.59E-22;3.19E-23;1.23E-18;4.15E-16;0.000264885;0.005953837;2.88E-14;2.13E-14;2.60E-22;1.72E-19;1.00E-17;8.88E-29;7.69E-20;7.09E-27;7.09E-22;8.46E-28;0;2.20E-22;3.15E-18;4.73E-20;3.13E-15;3.11E-13;9.92E-14;8.12E-13;7.58E-15;1.42E-05;4.75E-06;7.31E-08;8.15E-10;8.94E-19;3.29E-10;2.62E-14;0;1.05E-13;6.84E-13;8.59E-11;3.54E-13;0.764299143;0.009816313;1.85E-33;6.14E-34;5.15E-22;1.12E-23
0.008125;-0.221726043;49.76721893;-2646.530354;1.59E-02;601.2287402;0.581152595;0.000260959;3.08E-08;3.91E-06;0.189910947;8.61E-06;0.028678453;6.57E-06;3.34E-06;0;8.48E-29;1.49E-22;1.28E-23;7.22E-19;3.51E-16;0.000220968;0.004799717;8.16E-15;1.42E-14;8.29E-23;1.06E-19;8.29E-18;1.46E-29;6.17E-20;1.97E-27;5.62E-22;0;0;9.82E-23;2.38E-18;3.73E-20;1.17E-15;1.20E-13;7.36E-14;6.87E-13;1.60E-15;1.14E-05;4.37E-06;5.88E-08;5.50E-10;1.85E-19;2.67E-10;2.39E-14;4.12E-30;8.47E-14;5.51E-13;6.91E-11;1.97E-13;0.766249951;0.009840696;1.21E-33;4.88E-34;1.61E-22;7.47E-24
0.00825;-0.199990833;47.75374689;-2646.530354;1.15E-02;513.1763842;0.682769081;0.000226506;4.69E-09;1.71E-06;0.196392359;4.10E-06;0.0204858;2.99E-06;2.30E-06;3.10E-26;3.29E-30;2.90E-23;2.28E-24;2.53E-19;2.42E-16;0.000147965;0.002976718;8.80E-16;6.93E-15;1.53E-23;3.63E-20;5.27E-18;3.70E-31;3.86E-20;2.03E-28;3.45E-22;0;0;2.16E-23;1.35E-18;2.21E-20;2.38E-16;1.95E-14;4.26E-14;4.78E-13;9.16E-17;7.24E-06;3.25E-06;3.63E-08;2.71E-10;7.21E-21;1.67E-10;1.67E-14;3.56E-31;5.24E-14;3.41E-13;4.27E-11;6.11E-14;0.769863804;0.009885227;6.39E-34;2.91E-34;2.04E-23;3.47E-24
0.008375;-0.183929366;46.01138285;-2646.530354;7.91E-03;444.9573066;0.789228742;0.000193531;8.19E-10;7.92E-07;0.201125115;2.07E-06;0.014062305;1.37E-06;1.52E-06;1.01E-27;1.31E-31;5.94E-24;4.19E-25;8.78E-20;1.61E-16;9.56E-05;0.00176612;1.01E-16;3.47E-15;3.91E-24;1.08E-20;3.16E-18;9.03E-33;2.33E-20;2.45E-29;2.04E-22;0;0;4.92E-24;7.41E-19;1.24E-20;5.44E-17;2.87E-15;2.55E-14;3.22E-13;5.57E-18;4.49E-06;2.19E-06;2.15E-08;1.38E-10;2.56E-22;1.00E-10;1.03E-14;2.13E-32;3.10E-14;2.02E-13;2.53E-11;1.80E-14;0.772823945;0.009920921;3.51E-34;1.65E-34;2.60E-24;1.60E-24
0.0085;-0.17399072;44.56586719;-2646.530354;5.27E-03;395.7541756;0.888858448;0.00016298;1.66E-10;3.83E-07;0.204346507;1.10E-06;0.009375651;6.41E-07;9.80E-07;0;1.33E-31;1.27E-24;8.01E-26;3.12E-20;1.05E-16;6.05E-05;0.001024527;1.30E-17;1.77E-15;1.15E-24;2.82E-21;1.84E-18;2.76E-34;1.37E-20;3.64E-30;1.19E-22;0;0;1.18E-24;4.01E-19;6.82E-21;1.28E-17;4.06E-16;1.57E-14;2.11E-13;4.12E-19;2.76E-06;1.41E-06;1.24E-08;7.26E-11;1.06E-23;5.82E-11;6.09E-15;2.92E-32;1.80E-14;1.17E-13;1.46E-11;5.01E-15;0.775075271;0.009947323;1.84E-34;9.00E-35;3.60E-25;7.45E-25
0.00875;-0.169240314;42.39202805;-2646.530354;2.16E-03;339.8265383;1.037278779;0.000110324;1.36E-11;1.25E-07;0.207828267;3.91E-07;0.003873402;1.84E-07;3.83E-07;4.12E-26;5.90E-34;1.08E-25;5.78E-27;6.33E-21;4.22E-17;2.30E-05;0.000331298;3.86E-19;5.16E-16;1.36E-25;2.69E-22;5.90E-19;1.09E-36;4.60E-21;1.68E-31;3.89E-23;0;0;9.42E-26;1.16E-19;1.99E-21;2.02E-18;1.98E-17;6.59E-15;8.51E-14;7.24E-21;1.02E-06;5.10E-07;3.98E-09;2.34E-11;6.12E-26;1.88E-11;1.96E-15;0;5.79E-15;3.76E-14;4.72E-12;7.82E-16;0.777852651;0.009978414;2.97E-35;2.54E-35;1.21E-26;1.87E-25
0.009;-0.177321677;40.88788834;-2646.530354;8.66E-04;316.039289;1.116354254;7.27E-05;1.73E-12;4.70E-08;0.209172543;1.53E-07;0.001561814;5.96E-08;1.48E-07;0;2.48E-32;0;5.63E-28;1.60E-21;1.68E-17;8.71E-06;0.000107041;1.78E-20;1.56E-16;1.77E-26;2.48E-23;1.88E-19;2.38E-38;1.54E-21;1.38E-32;1.27E-23;0;0;9.44E-27;3.39E-20;5.84E-22;3.77E-19;1.63E-18;2.90E-15;3.37E-14;3.99E-22;3.80E-07;1.80E-07;1.28E-09;8.00E-12;1.56E-27;6.02E-12;6.25E-16;0;1.86E-15;1.21E-14;1.52E-12;1.50E-16;0.779084841;0.009991339;4.53E-36;6.90E-36;5.35E-28;4.92E-26
0.0095;-0.208740521;38.67780063;-2646.530354;1.61E-04;302.8332355;1.165652575;2.99E-05;7.58E-14;1.02E-08;0.20986208;3.30E-08;0.000276297;9.63E-09;2.42E-08;0;0;3.35E-26;1.78E-29;2.38E-22;2.93E-18;1.42E-06;1.39E-05;1.25E-22;1.99E-17;5.00E-28;6.76E-25;2.40E-20;2.30E-40;2.10E-22;3.00E-34;1.69E-24;0;0;2.12E-28;3.85E-21;6.64E-23;3.97E-20;5.42E-20;6.69E-16;5.83E-15;1.03E-23;6.14E-08;2.56E-08;1.65E-10;1.26E-12;1.59E-29;7.71E-13;7.94E-17;0;2.42E-16;1.57E-15;1.97E-13;1.72E-17;0.779817798;0.009998394;3.72E-37;6.86E-37;3.27E-30;5.40E-27
0.01;-0.244632565;36.76963145;-2646.530354;2.99E-05;300.4333802;1.175089539;1.14E-05;3.61E-15;2.08E-09;0.209979005;6.64E-09;4.27E-05;1.39E-09;3.45E-09;0;0;1.09E-26;5.30E-31;3.54E-23;4.48E-19;2.03E-07;1.57E-06;8.87E-25;2.22E-18;1.11E-29;1.55E-26;2.64E-21;4.43E-42;2.50E-23;6.59E-36;1.94E-25;0;0;4.12E-30;3.78E-22;6.51E-24;4.28E-21;1.92E-21;1.41E-16;8.81E-16;4.45E-25;8.70E-09;3.15E-09;1.85E-11;1.79E-13;2.83E-31;8.53E-14;8.71E-18;0;2.71E-17;1.76E-16;2.21E-14;1.91E-18;0.779965381;0.009999701;3.06E-38;5.72E-38;2.17E-32;5.22E-28
0.0105;-0.280146217;34.9211337;-2646.530354;6.50E-06;300.0607305;1.176573491;4.17E-06;1.78E-16;3.99E-10;0.209996733;1.25E-09;6.06E-06;1.84E-10;4.49E-10;0;0;0;1.40E-32;4.97E-24;6.29E-20;2.65E-08;1.61E-07;6.52E-27;2.25E-19;2.11E-31;3.04E-28;2.64E-22;8.74E-44;2.69E-24;1.29E-37;2.02E-26;0;0;6.88E-32;3.34E-23;5.77E-25;5.51E-22;6.45E-23;2.78E-17;1.22E-16;2.16E-26;1.13E-09;3.52E-10;1.88E-12;2.32E-14;5.38E-33;8.56E-15;8.67E-19;0;2.77E-18;1.80E-17;2.26E-15;1.95E-19;0.779992913;0.009999935;2.33E-39;4.28E-39;2.14E-34;4.58E-29
0.011;-0.314095524;33.08188338;-2646.530354;1.90E-06;300.0094173;1.176779904;1.57E-06;1.13E-17;8.32E-11;0.209999334;2.57E-10;9.51E-07;2.70E-11;6.50E-11;0;4.65E-39;4.86E-28;4.64E-34;7.74E-25;9.79E-21;3.86E-09;1.85E-08;7.71E-29;2.58E-20;4.87E-33;6.20E-30;2.97E-23;2.16E-45;3.26E-25;3.09E-39;2.37E-27;0;0;1.42E-33;3.36E-24;5.79E-26;2.55E-22;3.08E-24;5.92E-18;1.87E-17;1.37E-27;1.63E-10;4.42E-11;2.15E-13;3.36E-15;1.24E-34;9.67E-16;9.72E-20;0;3.18E-19;2.06E-18;2.59E-16;2.24E-20;0.779998144;0.009999981;2.03E-40;3.66E-40;4.08E-36;4.56E-30
0.012;-0.376572483;29.40590682;-2646.530354;3.00E-07;300.0005242;1.176816618;2.66E-07;1.28E-19;6.56E-12;0.209999928;1.99E-11;5.37E-08;1.40E-12;3.34E-12;0;1.05E-37;1.35E-28;3.99E-36;4.34E-26;5.47E-22;2.00E-10;7.39E-10;1.15E-31;1.02E-21;1.47E-35;2.44E-32;1.16E-24;7.05E-48;1.37E-26;9.73E-42;9.62E-29;0;0;3.77E-36;1.15E-25;1.98E-27;5.22E-24;0;4.81E-19;1.03E-18;1.56E-29;8.37E-12;1.93E-12;8.48E-15;1.73E-16;3.76E-37;3.78E-17;3.76E-21;2.83E-38;1.26E-20;8.19E-20;1.03E-17;8.95E-22;0.779999753;0.009999997;5.95E-42;1.06E-41;1.21E-38;1.55E-31
0.013;-0.43170778;25.7301569;-2646.530354;0.00E+00;300.000026;1.176818841;4.18E-08;1.32E-21;4.65E-13;0.209999991;1.39E-12;2.70E-09;6.46E-14;1.53E-13;0;1.09E-38;4.22E-30;1.87E-37;2.17E-27;2.73E-23;9.19E-12;2.61E-11;2.24E-34;3.58E-23;3.51E-38;7.25E-35;3.98E-26;1.84E-50;5.14E-28;2.44E-44;3.47E-30;0;0;7.97E-39;3.48E-27;6.00E-29;9.46E-25;3.12E-26;3.51E-20;5.06E-20;1.60E-31;3.82E-13;7.52E-14;2.97E-16;7.93E-18;8.20E-40;1.31E-18;1.29E-22;1.15E-39;4.44E-22;2.88E-21;3.62E-19;3.16E-23;0.779999965;0.01;1.54E-43;2.72E-43;3.06E-41;4.64E-33
0.014;-0.479492304;22.05441966;-2646.530354;0.00E+00;300.0000015;1.176818976;7.28E-09;1.76E-23;3.80E-14;0.209999998;1.11E-13;1.59E-10;3.48E-15;8.20E-15;0;7.04E-47;5.32E-35;3.22E-41;1.27E-28;1.59E-24;4.95E-13;1.09E-12;7.06E-37;1.47E-24;1.14E-40;1.88E-37;1.61E-27;6.48E-53;2.26E-29;7.18E-47;1.47E-31;0;0;2.29E-41;1.24E-28;2.14E-30;0;0;2.95E-21;2.90E-21;2.13E-33;2.04E-14;3.43E-15;1.22E-17;4.25E-19;2.96E-42;5.31E-20;5.20E-24;2.26E-46;1.84E-23;1.19E-22;1.50E-20;1.31E-24;0.779999994;0.01;4.73E-45;8.25E-45;0;1.64E-34
0.016;-0.55300703;14.70294641;-2646.530354;0.00E+00;300;1.176818989;4.80E-10;3.20E-26;1.08E-15;0.21;3.12E-15;3.19E-12;6.39E-17;1.49E-16;0;0;0;4.89E-44;2.53E-30;3.15E-26;9.06E-15;1.52E-14;2.18E-40;2.05E-26;4.36E-44;1.17E-40;2.20E-29;2.69E-56;3.34E-31;0;2.10E-33;0;0;7.71E-45;1.49E-30;2.56E-32;0;0;8.68E-23;5.67E-23;3.88E-36;3.71E-16;5.29E-17;1.70E-19;7.75E-21;1.13E-45;7.28E-22;7.05E-26;6.48E-52;2.56E-25;1.66E-24;2.09E-22;1.84E-26;0.78;0.01;4.83E-47;8.37E-47;0;1.95E-36
0.018;-0.597115869;7.351473205;-2646.530354;0.00E+00;300;1.17681899;2.96E-11;5.10E-29;2.87E-17;0.21;8.11E-17;5.94E-14;1.09E-18;2.52E-18;0;0;5.89E-39;0;4.70E-32;5.81E-28;1.54E-16;1.97E-16;0;2.64E-28;1.43E-47;6.09E-44;2.78E-31;9.22E-60;4.42E-33;0;2.78E-35;0;0;2.23E-48;1.65E-32;2.85E-34;0;3.22E-37;2.37E-24;1.03E-24;6.17E-39;6.26E-18;7.57E-19;2.19E-21;1.31E-22;3.75E-49;9.24E-24;8.87E-28;0;3.31E-27;2.15E-26;2.70E-24;2.39E-28;0.78;0.01;4.58E-49;7.89E-49;0;2.14E-38
0.02;-0.611818815;0;-2646.530354;0.00E+00;300;1.17681899;1.78E-12;4.66E-30;7.44E-19;0.21;2.06E-18;1.08E-15;1.81E-20;4.17E-20;1.52E-42;6.54E-56;0;0;8.49E-34;1.05E-29;2.56E-18;2.50E-18;3.28E-33;3.31E-30;1.79E-49;7.60E-46;3.43E-33;1.25E-61;5.93E-35;0;3.60E-37;0;0;4.51E-50;1.79E-34;3.09E-36;0;8.49E-39;6.33E-26;1.82E-26;1.02E-40;1.03E-19;1.06E-20;2.75E-23;2.17E-24;6.20E-51;1.15E-25;1.09E-29;0;4.17E-29;2.71E-28;3.40E-26;3.03E-30;0.78;0.01;4.23E-51;7.26E-51;0;2.30E-40